[
  {
    "id": 1,
    "name": "SpongeBob",
    "image": "https://upload.wikimedia.org/wikipedia/en/thumb/4/47/Spongebob-squarepants.svg/666px-Spongebob-squarepants.svg.png",
    "department": "Kitchen",
    "location": "A Pineapple Under the Sea"
  },
  {
    "id": 2,
    "name": "Mr. Krabs",
    "image": "https://vignette3.wikia.nocookie.net/vsbattles/images/8/80/Mr._Krabs.png/revision/latest?cb=20150919162131",
    "department": "Management",
    "location": "A Giant Anchor"
  },
  {
    "id": 3,
    "name": "Squidward",
    "image": "https://vignette2.wikia.nocookie.net/fictionalcharacters/images/a/ac/Squidward.png/revision/latest?cb=20131121012626",
    "department": "Customer Service",
    "location": "An Easter Island Head"
  },
  {
    "id": 4,
    "name": "Dexter",
    "image": "https://s-media-cache-ak0.pinimg.com/originals/fe/32/49/fe32495d45283cd6860ae122f0aeaad9.png",
    "department": "Kitchen",
    "location": "A Secret Laboratory"
  },
  {
    "id": 5,
    "name": "Courage",
    "image": "https://vignette4.wikia.nocookie.net/vsbattles/images/3/39/Courage-0.png/revision/latest?cb=20160719055423",
    "department": "Custodial",
    "location": "Nowhere, Kansas"
  }
]